<?xml version="1.0"?>
<sprite>
	<imageset name="base" src="graphics/sprites/equipment/head/head-terranitehelm.png" width="19" height="26" />

	<action name="stand" imageset="base">
		<animation direction="down">
		  <frame index="0" offsetX="-1" offsetY ="-42" />
		</animation>
		<animation direction="left">
		  <frame index="2" offsetX="-1" offsetY ="-41"/>
		</animation>
		<animation direction="up">
		  <frame index="1" offsetX="-2" offsetY ="-41"/>
		</animation>
		<animation direction="right">
		  <frame index="3" offsetX="-1" offsetY ="-41"/>
		</animation>
	</action>

	<action name="walk" imageset="base">
		<animation direction="down">
		  <frame index="0" offsetX="-1" offsetY ="-41" delay="75"/>
		  <frame index="0" offsetX="-1" offsetY ="-42" delay="75" />
		  <frame index="0" offsetX="-1" offsetY ="-42" delay="75" />
		  <frame index="0" offsetX="-1" offsetY ="-41" delay="75" />
		  <frame index="0" offsetX="-1" offsetY ="-42" delay="75" />
		  <frame index="0" offsetX="-1" offsetY ="-42" delay="75" />
		</animation>
		<animation direction="left">
		  <frame index="2" offsetX="-1" offsetY ="-41" delay="75"/>
		  <frame index="2" offsetX="-1" offsetY ="-40" delay="75"/>
		  <frame index="2" offsetX="-1" offsetY ="-41" delay="75"/>
		  <frame index="2" offsetX="-1" offsetY ="-41" delay="75"/>
		  <frame index="2" offsetX="-1" offsetY ="-40" delay="75"/>
		  <frame index="2" offsetX="-1" offsetY ="-41" delay="75"/>
		</animation>
		<animation direction="up">
		  <frame index="1" offsetX="-2" offsetY ="-41" delay="75"/>
		  <frame index="1" offsetX="-2" offsetY ="-42" delay="75"/>
		  <frame index="1" offsetX="-2" offsetY ="-42" delay="75"/>
		  <frame index="1" offsetX="-2" offsetY ="-41" delay="75"/>
		  <frame index="1" offsetX="-2" offsetY ="-42" delay="75"/>
		  <frame index="1" offsetX="-2" offsetY ="-42" delay="75"/>
		</animation>
		<animation direction="right">
		  <frame index="3" offsetX="-1" offsetY ="-41" delay="75"/>
		  <frame index="3" offsetX="-1" offsetY ="-40" delay="75"/>
		  <frame index="3" offsetX="-1" offsetY ="-41" delay="75"/>
		  <frame index="3" offsetX="-1" offsetY ="-41" delay="75"/>
		  <frame index="3" offsetX="-1" offsetY ="-40" delay="75"/>
		  <frame index="3" offsetX="-1" offsetY ="-41" delay="75"/>
		</animation>
	</action>

	<action name="attack" imageset="base">
		<animation direction="down">
		  <frame index="0" offsetX="-1" offsetY ="-40" delay="75" />
		  <frame index="0" offsetX="-1" offsetY ="-41" delay="75" />
		  <frame index="0" offsetX="-1" offsetY ="-37" delay="75" />
		  <frame index="0" offsetX="-1" offsetY ="-36" delay="75" />
		  <end />
		</animation>
		<animation direction="left">
		  <frame index="2" offsetX="3" offsetY ="-41" delay="75" />
		  <frame index="2" offsetX="3" offsetY ="-42" delay="75" />
		  <frame index="2" offsetX="0" offsetY ="-39" delay="75" />
		  <frame index="2" offsetX="-1" offsetY ="-38" delay="75" />
		  <end />
		</animation>
		<animation direction="up">
		  <frame index="1" offsetX="-3" offsetY ="-41" delay="75"/>
		  <frame index="1" offsetX="-3" offsetY ="-41" delay="75"/>
		  <frame index="1" offsetX="-3" offsetY ="-41" delay="75"/>
		  <frame index="1" offsetX="-3" offsetY ="-39" delay="75"/>
		  <end />
		</animation>
		<animation direction="right">
		  <frame index="3" offsetX="-4" offsetY ="-42" delay="75"/>
		  <frame index="3" offsetX="-4" offsetY ="-43" delay="75"/>
		  <frame index="3" offsetX="-1" offsetY ="-40" delay="75"/>
		  <frame index="3" offsetX="0" offsetY ="-39" delay="75"/>
		  <end />
		</animation>
	</action>

	<action name="attack_bow" imageset="base">
		<animation direction="down">
		  <frame index="0" offsetX="-1" offsetY ="-41" delay="75" />
		  <frame index="0" offsetX="-1" offsetY ="-41" delay="75" />
		  <frame index="0" offsetX="-1" offsetY ="-41" delay="75" />
		  <frame index="0" offsetX="-1" offsetY ="-40" delay="75" />
		  <frame index="0" offsetX="-1" offsetY ="-41" delay="75" />
		  <end />
		</animation>
		<animation direction="left">
		  <frame index="2" offsetX="2" offsetY ="-41" delay="75" />
		  <frame index="2" offsetX="2" offsetY ="-41" delay="75" />
		  <frame index="2" offsetX="2" offsetY ="-41" delay="75" />
		  <frame index="2" offsetX="4" offsetY ="-42" delay="75" />
		  <frame index="2" offsetX="4" offsetY ="-42" delay="75" />
		  <end />
		</animation>
		<animation direction="up">
		  <frame index="1" offsetX="-2" offsetY ="-41" delay="75"/>
		  <frame index="1" offsetX="-2" offsetY ="-41" delay="75"/>
		  <frame index="1" offsetX="-3" offsetY ="-41" delay="75"/>
		  <frame index="1" offsetX="-3" offsetY ="-40" delay="75"/>
		  <frame index="1" offsetX="-3" offsetY ="-41" delay="75"/>
		  <end />
		</animation>
		<animation direction="right">
		  <frame index="3" offsetX="-4" offsetY ="-41" delay="75"/>
		  <frame index="3" offsetX="-4" offsetY ="-41" delay="75"/>
		  <frame index="3" offsetX="-4" offsetY ="-41" delay="75"/>
		  <frame index="3" offsetX="-6" offsetY ="-42" delay="75"/>
		  <frame index="3" offsetX="-6" offsetY ="-42" delay="75"/>
		  <end />
		</animation>
	</action>

	<action name="sit" imageset="base">
		<animation direction="down">
		  <frame index="0" offsetX="-1" offsetY ="-30" />
		</animation>
		<animation direction="left">
		  <frame index="2" offsetX="3" offsetY ="-32"/>
		</animation>
		<animation direction="up">
		  <frame index="1" offsetX="-1" offsetY ="-33"/>
		</animation>
		<animation direction="right">
		  <frame index="3" offsetX="-7" offsetY ="-32"/>
		</animation>
	</action>

	<action name="dead" imageset="base">
		<animation direction="default">
			<frame index="4" offsetX="30" offsetY="-4"/>
		</animation>
	</action>

</sprite>

