<?xml version="1.0"?>
<sprite>
 	<imageset name="base" src="graphics/sprites/equipment/head/head-mushroom.png" width="26" height="15" />
 
 	<action name="stand" imageset="base">
 		<animation direction="down">
 		  <frame index="0" offsetX="-1" offsetY ="-48" />
 		</animation>
 		<animation direction="left">
 		  <frame index="0" offsetX="0" offsetY ="-48"/>
 		</animation>
 		<animation direction="up">
 		  <frame index="0" offsetX="-2" offsetY ="-48"/>
 		</animation>
 		<animation direction="right">
 		  <frame index="0" offsetX="-1" offsetY ="-48"/>
 		</animation>
 	</action>
 
 	<action name="walk" imageset="base">
 		<animation direction="down">
 		  <frame index="0" offsetX="-1" offsetY ="-47" delay="75"/>
 		  <frame index="0" offsetX="-1" offsetY ="-48" delay="75" />
 		  <frame index="0" offsetX="-1" offsetY ="-48" delay="75" />
 		  <frame index="0" offsetX="-1" offsetY ="-47" delay="75" />
 		  <frame index="0" offsetX="-1" offsetY ="-48" delay="75" />
 		  <frame index="0" offsetX="-1" offsetY ="-48" delay="75" />
 		</animation>
 		<animation direction="left">
 		  <frame index="0" offsetX="0" offsetY ="-48" delay="75"/>
 		  <frame index="0" offsetX="0" offsetY ="-47" delay="75"/>
 		  <frame index="0" offsetX="0" offsetY ="-48" delay="75"/>
 		  <frame index="0" offsetX="0" offsetY ="-48" delay="75"/>
 		  <frame index="0" offsetX="0" offsetY ="-47" delay="75"/>
 		  <frame index="0" offsetX="0" offsetY ="-48" delay="75"/>
 		</animation>
 		<animation direction="up">
 		  <frame index="0" offsetX="-2" offsetY ="-48" delay="75"/>
 		  <frame index="0" offsetX="-2" offsetY ="-49" delay="75"/>
 		  <frame index="0" offsetX="-2" offsetY ="-49" delay="75"/>
 		  <frame index="0" offsetX="-2" offsetY ="-48" delay="75"/>
 		  <frame index="0" offsetX="-2" offsetY ="-49" delay="75"/>
 		  <frame index="0" offsetX="-2" offsetY ="-49" delay="75"/>
 		</animation>
 		<animation direction="right">
 		  <frame index="0" offsetX="-1" offsetY ="-48" delay="75"/>
 		  <frame index="0" offsetX="-1" offsetY ="-47" delay="75"/>
 		  <frame index="0" offsetX="-1" offsetY ="-48" delay="75"/>
 		  <frame index="0" offsetX="-1" offsetY ="-48" delay="75"/>
 		  <frame index="0" offsetX="-1" offsetY ="-47" delay="75"/>
 		  <frame index="0" offsetX="-1" offsetY ="-48" delay="75"/>
 		</animation>
 	</action>
 
 	<action name="attack" imageset="base">
 		<animation direction="down">
 		  <frame index="0" offsetX="-1" offsetY ="-46" delay="75" />
 		  <frame index="0" offsetX="-1" offsetY ="-47" delay="75" />
 		  <frame index="0" offsetX="-1" offsetY ="-44" delay="75" />
 		  <frame index="0" offsetX="-1" offsetY ="-43" delay="75" />
 		  <end />
 		</animation>
 		<animation direction="left">
 		  <frame index="0" offsetX="4" offsetY ="-49" delay="75" />
 		  <frame index="0" offsetX="4" offsetY ="-50" delay="75" />
 		  <frame index="0" offsetX="0" offsetY ="-47" delay="75" />
 		  <frame index="0" offsetX="-1" offsetY ="-46" delay="75" />
 		  <end />
 		</animation>
 		<animation direction="up">
 		  <frame index="0" offsetX="-3" offsetY ="-48" delay="75"/>
 		  <frame index="0" offsetX="-3" offsetY ="-48" delay="75"/>
 		  <frame index="0" offsetX="-3" offsetY ="-48" delay="75"/>
 		  <frame index="0" offsetX="-3" offsetY ="-46" delay="75"/>
 		  <end />
 		</animation>
 		<animation direction="right">
 		  <frame index="0" offsetX="-4" offsetY ="-49" delay="75"/>
 		  <frame index="0" offsetX="-4" offsetY ="-50" delay="75"/>
 		  <frame index="0" offsetX="-1" offsetY ="-47" delay="75"/>
 		  <frame index="0" offsetX="0" offsetY ="-46" delay="75"/>
 		  <end />
 		</animation>
 	</action>
 
 	<action name="attack_bow" imageset="base">
 		<animation direction="down">
 		  <frame index="0" offsetX="-1" offsetY ="-47" delay="75" />
 		  <frame index="0" offsetX="-1" offsetY ="-47" delay="75" />
 		  <frame index="0" offsetX="-1" offsetY ="-47" delay="75" />
 		  <frame index="0" offsetX="-1" offsetY ="-46" delay="75" />
 		  <frame index="0" offsetX="-1" offsetY ="-47" delay="75" />
 		  <end />
 		</animation>
 		<animation direction="left">
 		  <frame index="0" offsetX="3" offsetY ="-48" delay="75" />
 		  <frame index="0" offsetX="3" offsetY ="-48" delay="75" />
 		  <frame index="0" offsetX="3" offsetY ="-48" delay="75" />
 		  <frame index="0" offsetX="5" offsetY ="-49" delay="75" />
 		  <frame index="0" offsetX="5" offsetY ="-49" delay="75" />
 		  <end />
 		</animation>
 		<animation direction="up">
 		  <frame index="0" offsetX="-2" offsetY ="-48" delay="75"/>
 		  <frame index="0" offsetX="-2" offsetY ="-48" delay="75"/>
 		  <frame index="0" offsetX="-3" offsetY ="-48" delay="75"/>
 		  <frame index="0" offsetX="-3" offsetY ="-47" delay="75"/>
 		  <frame index="0" offsetX="-3" offsetY ="-48" delay="75"/>
 		  <end />
 		</animation>
 		<animation direction="right">
 		  <frame index="0" offsetX="-4" offsetY ="-48" delay="75"/>
 		  <frame index="0" offsetX="-4" offsetY ="-48" delay="75"/>
 		  <frame index="0" offsetX="-4" offsetY ="-48" delay="75"/>
 		  <frame index="0" offsetX="-6" offsetY ="-49" delay="75"/>
 		  <frame index="0" offsetX="-6" offsetY ="-49" delay="75"/>
 		  <end />
 		</animation>
 	</action>
 
 	<action name="sit" imageset="base">
 		<animation direction="down">
 		  <frame index="0" offsetX="-1" offsetY ="-36" />
 		</animation>
 		<animation direction="left">
 		  <frame index="0" offsetX="4" offsetY ="-39"/>
 		</animation>
 		<animation direction="up">
 		  <frame index="0" offsetX="-1" offsetY ="-40"/>
 		</animation>
 		<animation direction="right">
 		  <frame index="0" offsetX="-7" offsetY ="-38"/>
 		</animation>
 	</action>
 
 	<action name="dead" imageset="base">
 		<animation direction="default">
 			<frame index="1" offsetX="40" offsetY="-6"/>
 		</animation>
 	</action>
</sprite>
