﻿<?xml version="1.0" encoding="UTF-8"?>
<updates>
	<update type="data" file="sounds-3795.zip" hash="890b723c"/>
	<update type="data" file="update-92f5898-5e3b3ca.zip" hash="c5a98a9e"/>
	<update type="data" file="tiles-e521087.zip" hash="e5b9af1f"/>
	<update type="data" file="sprites-548aa36.zip" hash="42d0aeea"/>
	<update type="data" file="update-548aa36..ac86ea6.zip" hash="941db6ae"/>
	<update type="data" file="particles-ac86ea6.zip" hash="f9f3248d"/>
	<update type="data" file="update-ac86ea6..75ac8ab.zip" hash="2b24cf6f"/>
	<update type="data" file="update-75ac8ab..6b01565.zip" hash="7026fab8"/>
	<update type="data" file="update-6b01565..9d0c1cf.zip" hash="d0aa3fee"/>
	<update type="data" file="update-9d0c1cf..5774ab7.zip" hash="a3932bda"/>
	<update type="data" file="update-5774ab7..9533fdf.zip" hash="83956fa5"/>
	<update type="data" file="update-9533fdf..7a0a3dc.zip" hash="4cc44364"/>
	<update type="data" file="update-fc73941..aec71a1.zip" hash="22a32cd0"/>
	<update type="data" file="update-aec71a1..3f5e11c.zip" hash="6a2547fa"/>
	<update type="data" file="update-3f5e11c..c1e2839.zip" hash="8070586b"/>
	<update type="data" file="update-c1e2839..cb433a2.zip" hash="ca23f2b8"/>
	<update type="data" file="items-0df921c.zip" hash="2f2908b3"/>
	<update type="data" file="images-0df921c.zip" hash="33ad0af9"/>
	<update type="data" file="database-0df921c.zip" hash="a672982e"/>
	<update type="data" file="maps-0df921c.zip" hash="b3bbc79c"/>
	<update type="data" file="database-db36251.zip" hash="d912d42f"/>
	<update type="data" file="sfx-db36251.zip" hash="a19498e2"/>
	<update type="data" file="sprites-db36251.zip" hash="70bf3914"/>
	<update type="data" file="update-0df921c..db36251.zip" hash="e117f3c7"/>
	<update type="data" file="maps-db36251.zip" hash="e228efb4"/>
	<update type="data" file="update-db36251..49cdd47.zip" hash="5bcb7dcc"/>
	<update type="data" file="update-49cdd47..d774512.zip" hash="3068c0ba"/>
	<update type="data" file="update-d774512..eabe0de.zip" hash="b758884e"/>
	<update type="data" file="update-eabe0de..4219192.zip" hash="692175fe"/>
	<update type="data" file="update-4219192..bfb442d.zip" hash="9804dd1a"/>
	<update type="data" file="update-bfb442d..11a4ac9.zip" hash="56c93f5d"/>
	<update type="data" file="update-11a4ac9..9fc21bf.zip" hash="961ca236"/>
	<update type="data" file="ariserv_base_20100208.zip" hash="18ce0703"/>
	<update type="data" file="ariserv_update_078.zip" hash="e98a2ea2"/>
	<update type="data" file="ariserv_update_079.zip" hash="ef8766c6"/>
	<update type="data" file="ariserv_update_080.zip" hash="33b6f535"/>
	<update type="data" file="ariserv_update_081.zip" hash="7966be7f"/>
	<update type="data" file="ariserv_update_082.zip" hash="b6c6cede"/>
	<update type="data" file="ariserv_update_083.zip" hash="4ef286ba"/>
	<update type="data" file="ariserv_update_084.zip" hash="7a1471fd"/>
	<update type="data" file="ariserv_update_085.zip" hash="68e4ef51"/>
	<update type="data" file="ariserv_update_086.zip" hash="ad384050"/>
	<update type="data" file="ariserv_update_087.zip" hash="241c0269"/>
	<update type="data" file="ariserv_update_088.zip" hash="5b3a77cc"/>
	<update type="data" file="ariserv_update_089.zip" hash="346cdfb5"/>
	<update type="data" file="ariserv_update_090.zip" hash="7aecc8e8"/>
	<update type="data" file="ariserv_update_091.zip" hash="e8068630"/>
	<update type="data" file="maps_2011-01-18.zip" hash="8daa52a8"/>
	<update type="data" file="update_2011-01-19.zip" hash="77d48c09"/>
	<update type="data" file="ghostserv_96.zip" hash="85839de6"/>
	<update type="data" file="ghostserv_100.zip" hash="7914837c"/>
	<update type="data" file="ghostserv_102.zip" hash="5b48546e"/>
	<update type="data" file="correcao_101.zip" hash="cd2adaf7"/>
	<update type="data" file="superserver_1.zip" hash="b2f5b020"/>
	<update type="data" file="superserver_2.zip" hash="eda5748b"/>
	<update type="data" file="update-mapa-huren.zip" hash="9d5b1e39"/>
</updates>
