<?xml version="1.0"?>
<sprite>
    <imageset name="base" src="graphics/sprites/npcs/npc-race5-female.png" width="35" height="58" />
    <action name="stand" imageset="base">
        <animation direction="default">
            <!-- eyes movements -->
            <frame index="0" delay="5000"/>
            <frame index="1" delay="80"/>
            <frame index="0" delay="1500"/>
            <frame index="1" delay="80"/>
            <frame index="0" delay="3000"/>
            <frame index="1" delay="600"/>
            <frame index="0" delay="4000"/>
            <frame index="1" delay="80"/>
            <frame index="0" delay="80"/>
            <frame index="1" delay="80"/>
        </animation>
    </action>
</sprite>
