<?xml version="1.0"?>
<sprite>
    <imageset name="base" src="graphics/sprites/npcs/npc-cardplayer.png" width="35" height="58" />
    <action name="stand" imageset="base">
        <animation direction="default">
            <!-- playing cards -->
            <frame index="0" delay="2500"/>
            <frame index="7" delay="50"/>
            <frame index="6" delay="50"/>
            <frame index="7" delay="50"/>
            <frame index="0" delay="350"/>
            <frame index="7" delay="2000"/>
            <frame index="1" delay="80"/>
            <frame index="2" delay="100"/>
            <frame index="0" delay="500"/>
        </animation>
    </action>
</sprite>
