<?xml version="1.0"?>
<sprite>
    <imageset name="base" src="graphics/sprites/npcs/npc-cardplayer.png" width="35" height="58" />
    <action name="stand" imageset="base">
        <animation direction="default">
            <!-- playing cards -->
            <frame index="3" delay="4500"/>
            <frame index="10" delay="50"/>
            <frame index="9" delay="50"/>
            <frame index="10" delay="50"/>
            <frame index="3" delay="60"/>
			<frame index="10" delay="50"/>
            <frame index="9" delay="50"/>
            <frame index="10" delay="50"/>
            <frame index="3" delay="350"/>

            <frame index="3" delay="2000"/>
            <frame index="4" delay="80"/>
            <frame index="5" delay="100"/>
        </animation>
    </action>
</sprite>
