<?xml version="1.0"?>

<!--
Two orbiting particles high above ground which leave a trail of falling sparks
and thus create a falling double helix.

About 180 particles on max detail.

 Does not work with particleFastPhysics  on 2.
-->
<effect>
	<particle
		position-x = "20"
		position-y = "0"
		position-z = "20"
		lifetime = "1"
		>
		<!--  -->
		<emitter>
			<property name="position-x" value = "60"/>
			<property name="position-y" value = "0"/>
			<property name="position-z" value = "0"/>
			<property name="image" value="graphics/particles/orb-large.png|W:#ffffff,efefef" />
			<property name="horizontal-angle" value= "90"/>
			<property name="vertical-angle" value = "0" />
			<property name="power" value = "3" />
			<property name="acceleration" value = "0.1" />
			<emitter>
				<property name="output" min="-2" max="2" />
				<property name="image" value="graphics/particles/star-small.png|W:#ffffff,efefef"/>
				<property name="lifetime" min="200" max="250"/>
				<property name="fade-out" value="200" />
				<property name="gravity" value="-0.005" />
			</emitter>
		</emitter>
		
		<!-- -->
		<emitter>
			<property name="position-x" value = "-60"/>
			<property name="position-y" value = "0"/>
			<property name="position-z" value = "0"/>
			<property name="image" value="graphics/particles/orb-large.png|W:#000000,222222" />
			<property name="horizontal-angle" value= "270"/>
			<property name="vertical-angle" value = "0" />
			<property name="power" value = "3" />
			<property name="acceleration" value = "0.1" />
			<emitter>
				<property name="output" min="-2" max="2" />
				<property name="image" value="graphics/particles/star-small.png|W:#000000,222222"/>
				<property name="lifetime" min="200" max="250"/>
				<property name="fade-out" value="200" />
				<property name="gravity" value="-0.005" />
			</emitter>
		</emitter>
	</particle>
</effect>
