<?xml version="1.0"?>

<!--
Pentagram on floor effect with flashes along the lines.
Based on the one by fate with simplified structure and modified to be a permanent effect.
Particle count fluctuates around 800-1000

               (0, -76.0),

(-57, -35),                      (57, -35),


   (-35, 33)]                [(35, 33),
-->


<effect>
	<particle
		position-x = "0"
		position-y = "0"
		position-z = "0"
		>
		<emitter>
			<property name="position-y" value="-16"/>
			<property name="horizontal-angle" min="0" max="360"/>
			<property name="vertical-angle" min="0" max="20"/>
			<property name="power" value="65"/>
			<property name="lifetime" value="1"/>
			<property name="output" value="5"/>
			<emitter>
				<property name="image" value="graphics/particles/gloworb-small.png|W:#aaaaff"/>
				<property name="lifetime" value="77"/>
				<property name="fade-in" value="57"/>
				<property name="fade-out" value="20"/>
				<property name="output" value="1"/>
			</emitter>
		</emitter>

		<emitter>
			<property name="position-y" value="-16"/>
			<property name="horizontal-angle" min="0" max="360"/>
			<property name="vertical-angle" min="30" max="50"/>
			<property name="power" value="60"/>
			<property name="lifetime" value="1"/>
			<property name="output" value="3"/>
			<emitter>
				<property name="image" value="graphics/particles/gloworb-small.png|W:#ccccff"/>
				<property name="lifetime" value="77"/>
				<property name="fade-in" value="57"/>
				<property name="fade-out" value="20"/>
				<property name="output" value="1"/>
			</emitter>
		</emitter>
	</particle>
</effect>

