<?xml version="1.0"?>
<!-- A thin trail of slime. -->
<effect>
	<particle position-x="0" position-y="0"	position-z="10"	>
		<emitter>
			<property name="position-y" min="-1" max="5"/>
			<property name="position-x" min="-3" max="3"/>
			<property name="lifetime" value="800"/>
			<property name="fade-out" value="100" />
			<property name="fade-in" value="40" />
			<property name="output" min="1" max="5"/>
			<property name="image" value="graphics/particles/orb-medium.png|W:#10cc35" />
			<property name="alpha" value=".1" />
		</emitter>
	</particle>
</effect>
