<?xml version="1.0"?>

<!--
Pentagram on floor effect with flashes along the lines.
Based on the one by fate with simplified structure and modified to be a permanent effect.
Particle count fluctuates around 800-1000

               (0, -76.0),

(-57, -35),                      (57, -35),


   (-35, 33)]                [(35, 33),
-->


<effect>
	<particle
		position-x = "16"
		position-y = "24"
		position-z = "0"
		>
		<emitter>
			<property name="position-y" value="0"/>
			<property name="position-z" value="0"/>
			<property name="horizontal-angle" min="0" max="360"/>
			<property name="vertical-angle" min="0" max="1"/>
			<property name="power" value="35"/>
			<property name="lifetime" value="1"/>
			<property name="output" value="1"/>
			<emitter>
				<property name="image" value="graphics/particles/gloworb-small.png|W:#ffffff"/>
				<property name="lifetime" value="77"/>
				<property name="fade-in" value="57"/>
				<property name="fade-out" value="20"/>
				<property name="output" value="1"/>
			</emitter>
		</emitter>
		<!--
		<emitter>
			<property name="position-y" value="0"/>
			<property name="position-z" value="15"/>
			<property name="horizontal-angle" min="0" max="360"/>
			<property name="vertical-angle" min="0" max="1"/>
			<property name="power" value="30"/>
			<property name="lifetime" value="1"/>
			<property name="output" value="3"/>
			<emitter>
				<property name="image" value="graphics/particles/gloworb-small.png|W:#ffffff"/>
				<property name="lifetime" value="77"/>
				<property name="fade-in" value="57"/>
				<property name="fade-out" value="20"/>
				<property name="output" value="1"/>
			</emitter>
		</emitter>
		
		<emitter>
			<property name="position-y" value="0"/>
			<property name="position-z" value="30"/>
			<property name="horizontal-angle" min="0" max="360"/>
			<property name="vertical-angle" min="0" max="0"/>
			<property name="power" value="27"/>
			<property name="lifetime" value="1"/>
			<property name="output" value="3"/>
			<emitter>
				<property name="image" value="graphics/particles/gloworb-small.png|W:#ffffff"/>
				<property name="lifetime" value="77"/>
				<property name="fade-in" value="57"/>
				<property name="fade-out" value="20"/>
				<property name="output" value="1"/>
			</emitter>
		</emitter>
		-->
	</particle>
</effect>

