<?xml version="1.0"?>
<sprite>
    <imageset name="base" src="graphics/sprites/npcs/npc-portal-blue.png" width="35" height="58" />
    <action name="stand" imageset="base">
        <animation direction="default">
            <!-- head movements -->
            <frame index="0" delay="35"/>
            <frame index="1" delay="35"/>
            <frame index="2" delay="35"/>
            <frame index="3" delay="35"/>
            <frame index="4" delay="35"/>
            <frame index="5" delay="35"/>
            <frame index="6" delay="35"/>
            <frame index="7" delay="35"/>
            <frame index="8" delay="35"/>
            <frame index="9" delay="35"/>
            <frame index="10" delay="35"/>
            <frame index="11" delay="35"/>
        </animation>
    </action>
</sprite>
