<?xml version="1.0"?>
<sprite>
	<imageset name="base" src="graphics/sprites/npcs/npc-flying-beast.png" width="190" height="144" />
    <action name="stand" imageset="base">
        <animation direction="default">
            <!-- moves -->
            <frame index="0" delay="30"/>
            <frame index="1" delay="30"/>
            <frame index="2" delay="30"/>
            <frame index="3" delay="30"/>
            <frame index="4" delay="30"/>
            <frame index="5" delay="30"/>
            <frame index="6" delay="30"/>
            <frame index="7" delay="30"/>
            <frame index="8" delay="30"/>
            <frame index="9" delay="30"/>
            <frame index="10" delay="30"/>
            <frame index="11" delay="30"/>
            <frame index="12" delay="30"/>
            <frame index="13" delay="30"/>
            <frame index="14" delay="30"/>
            <frame index="15" delay="30"/>
        </animation>
    </action>
</sprite>
